{"romania": {"name_en": "Romania", "name_fr": "Roumanie", "name_es": "Ruman\u00eda"}, "portugal": {"name_en": "Portugal", "name_fr": "Portugal", "name_es": "Portugal"}, "austria": {"name_en": "Austria", "name_fr": "Autriche", "name_es": "Austria"}, "malta": {"name_en": "Malta", "name_fr": "Malte", "name_es": "Malta"}, "greece": {"name_en": "Greece", "name_fr": "Gr\u00e8ce", "name_es": "Grecia"}, "hungary": {"name_en": "Hungary", "name_fr": "Hongrie", "name_es": "Hungr\u00eda"}, "czech_republic": {"name_en": "Czech Republic", "name_fr": "R\u00e9publique tch\u00e8que", "name_es": "Rep\u00fablica Checa"}, "cyprus": {"name_en": "Cyprus", "name_fr": "Chypre", "name_es": "Chipre"}, "italy": {"name_en": "Italy", "name_fr": "Italie", "name_es": "Italia"}, "estonia": {"name_en": "Estonia", "name_fr": "Estonie", "name_es": "Estonia"}, "lithuania": {"name_en": "Lithuania", "name_fr": "Lituanie", "name_es": "Lituania"}, "luxembourg": {"name_en": "Luxembourg", "name_fr": "Luxembourg", "name_es": "Luxemburgo"}, "france": {"name_en": "France", "name_fr": "France", "name_es": "Francia"}, "slovakia": {"name_en": "Slovak Republic", "name_fr": "R\u00e9publique Slovaque", "name_es": "Rep\u00fablica Eslovaca"}, "ireland": {"name_en": "Ireland", "name_fr": "Irlande", "name_es": "Irlanda"}, "norway": {"name_en": "Norway", "name_fr": "Norv\u00e8ge", "name_es": "Noruega"}, "iceland": {"name_en": "Iceland", "name_fr": "Islande", "name_es": "Islanda"}, "slovenia": {"name_en": "Republic of Slovenia", "name_fr": "R\u00e9publique de Slov\u00e9nie", "name_es": "Rep\u00fablica Eslovena"}, "germany": {"name_en": "Germany", "name_fr": "Allemagne", "name_es": "Alemania"}, "belgium": {"name_en": "Belgium", "name_fr": "Belgique", "name_es": "B\u00e9lgica"}, "spain": {"name_en": "Spain", "name_fr": "Espagne", "name_es": "Espa\u00f1a"}, "netherlands": {"name_en": "Netherlands", "name_fr": "Pays-Bas", "name_es": "Pa\u00edses Bajos"}, "denmark": {"name_en": "Denmark", "name_fr": "Danemark", "name_es": "Dinamarca"}, "poland": {"name_en": "Poland", "name_fr": "Pologne", "name_es": "Polonia"}, "finland": {"name_en": "Finland", "name_fr": "Finlande", "name_es": "Finlandia"}, "sweden": {"name_en": "Sweden", "name_fr": "Su\u00e8de", "name_es": "Suecia"}, "latvia": {"name_en": "Latvia", "name_fr": "Lettonie", "name_es": "Letonia"}, "croatia": {"name_en": "Croatia", "name_fr": "Croatie", "name_es": "Croacia"}, "united_kingdom": {"name_en": "United Kingdom", "name_fr": "Royaume-Uni", "name_es": "Reino Unido"}, "switzerland": {"name_en": "Switzerland", "name_fr": "Suisse", "name_es": "Suiza"}, "bulgaria": {"name_en": "Bulgaria", "name_fr": "Bulgarie", "name_es": "Bulgaria"}}