{"hc_one": "HC-One", "barchester": "Barchester Healthcare", "hirslanden": "Hirslanden", "luz_saude": "Luz Sa\u00fade", "schoen_klinik": "Sch\u00f6n Klinik", "asklepios": "Asklepios", "nuffield": "Nuffield Health", "orpea": "Orpea", "attendo": "Attendo", "spire": "Spire Healthcare", "cuf": "CUF-Jos\u00e9 de Mello Sa\u00fade", "hca": "HCA Healthcare UK", "domusvi": "DomusVi", "kos": "KOS", "alloheim": "Alloheim", "helios": "Helios-Fresenius", "maisons_famille": "Maisons de Famille", "elsan": "Elsan", "bmi": "BMI Healthcare", "korian": "Korian", "penta": "Penta Hospitals International", "colisee": "Colis\u00e9e", "ramsay": "Ramsay Sant\u00e9", "san_donato": "Gruppo San Donato", "rhoen": "Rh\u00f6n-Klinikum", "srh": "SRH", "vivalto": "Vivalto Sant\u00e9", "kursana": "Kursana", "sana": "Sana Kliniken", "four_seasons": "Four Seasons Healthcare", "bupa": "Bupa Healthcare", "victors": "Victor's Group"}