[{"website": "https://www.luzsaude.pt/en/", "nom": "Luz Sa\u00fade", "shareholders": [{"name": "Luz Saude is owned (92,2%) by the chinese company Fosun International that generated more than 17 billions dollars in 2020.", "shares": null}], "country": "Portugal", "employees": 5800, "translations": {"shareholders_es": "Luz Saude es propriedad (92,2%) de la empresa china Fosum International que genero mas de 17 mil millones de dolares en 2020.", "shareholders_fr": "Luz Saude est propri\u00e9t\u00e9 (92,2%) de l'entreprise chinoise Fosum International qui a g\u00e9n\u00e9r\u00e9 plus de 17 milliards de dollars en 2020.", "shareholders_en": "Luz Saude is owned (92,2%) by the chinese company Fosun International that generated more than 17 billions dollars in 2020."}, "evolution": {"2016": {"net_profit": 16985152, "operating_margin": 4.869514934722942, "revenue": 450759517, "null": null, "year": 2016, "equity": 215427480, "EBIT": 21949802, "profit_rate": 7.884394321467251}, "2017": {"net_profit": 17264671, "operating_margin": 4.334728859883534, "revenue": 483899309, "null": null, "year": 2017, "equity": 235377500, "EBIT": 20975723, "profit_rate": 7.334885874818112}, "2018": {"net_profit": 13933153, "operating_margin": 3.184587886737475, "revenue": 545006532, "null": null, "year": 2018, "equity": 248975200, "EBIT": 17356212, "profit_rate": 5.596201147744836}, "2019": {"net_profit": 16747926, "operating_margin": 2.486252325222134, "revenue": 590303279, "null": null, "year": 2019, "equity": 265323508, "EBIT": 14676429, "profit_rate": 6.312266156227664}, "2020": {"net_profit": -16608722, "operating_margin": -4.521008542358432, "revenue": 614123259, "null": null, "year": 2020, "equity": 249141738, "EBIT": -27764565, "profit_rate": -6.6663747846215955}, "2015": {"net_profit": 21971243, "operating_margin": 7.160529183665368, "revenue": 423921853, "null": null, "year": 2015, "equity": 201974650, "EBIT": 30355048, "profit_rate": 10.878218132820134}}, "facilities": 28, "active_in": ["Portugal"], "ressources": ["https://www.noticiasaominuto.com/politica/1609443/luz-saude-foi-quem-mais-faturou-com-pandemia-rentismo-e-oportunismo"], "type": "Hospital", "id": "luz_saude", "total_beds": 1600}, {"website": "https://www.fshc.co.uk/", "nom": "Four Seasons Healthcare", "shareholders": [{"name": "Four Seasons is in process of restructuration. Terra Firma Capital Partners, the private equity firm led by Guy Hands, bought the group in 2012 for \u00a3825m but has since seen a \u00a3450m writedown on its investment. It ceded control of the group to US hedge fund H/2 Capital Partners, which holds a large amount of its debt.", "shares": null}], "country": "United Kingdom", "employees": "", "translations": {"shareholders_es": "Four Seasons est\u00e1 en proceso de reestructuraci\u00f3n. Terra Firma Capital Partners, la firma de capital privado dirigida por Guy Hands, compr\u00f3 el grupo en 2012 por 825 millones de libras, pero desde entonces ha visto reducida su inversi\u00f3n en 450 millones de libras. Cedi\u00f3 el control del grupo al fondo de cobertura estadounidense H/2 Capital Partners, que posee gran parte de su deuda.", "shareholders_fr": "Four Seasons est en cours de restructuration. Terra Firma Capital Partners, la soci\u00e9t\u00e9 de capital-investissement dirig\u00e9e par Guy Hands, a achet\u00e9 le groupe en 2012 pour 825 millions de livres sterling, mais a depuis constat\u00e9 une d\u00e9pr\u00e9ciation de 450 millions de livres sterling sur son investissement. Elle a c\u00e9d\u00e9 le contr\u00f4le du groupe au fonds sp\u00e9culatif am\u00e9ricain H/2 Capital Partners, qui d\u00e9tient une grande partie de sa dette.", "shareholders_en": "Four Seasons is in process of restructuration. Terra Firma Capital Partners, the private equity firm led by Guy Hands, bought the group in 2012 for \u00a3825m but has since seen a \u00a3450m writedown on its investment. It ceded control of the group to US hedge fund H/2 Capital Partners, which holds a large amount of its debt."}, "evolution": {"2016": {"net_profit": -100473401.65934603, "operating_margin": 0.0049318302715858665, "revenue": 837182772.0839434, "null": 0.8196, "year": 2016, "GBP": 686155000, "equity": -636726451.9277697, "EBIT": 41288.43338213763, "profit_rate": 15.77968079622735, "TAUX": 0.8196}, "2017": {"net_profit": -163926331.39468583, "operating_margin": -3.018363363522519, "revenue": 753097274.4896796, "null": 0.8769, "year": 2017, "GBP": 660391000, "equity": -759046641.5782871, "EBIT": -22731212.22488311, "profit_rate": 21.596344995853418, "TAUX": 0.8769}, "2018": {"net_profit": -250861211.57323688, "operating_margin": -14.089543676497938, "revenue": 717117992.766727, "null": 0.8848, "year": 2018, "GBP": 634506000, "equity": -1003130650.994575, "EBIT": -101038652.80289331, "profit_rate": 25.00783036830898, "TAUX": 0.8848}, "2019": {"net_profit": null, "operating_margin": null, "revenue": null, "null": 0.8774, "year": 2019, "GBP": null, "equity": null, "EBIT": null, "profit_rate": null, "TAUX": 0.8774}, "2020": {"net_profit": null, "operating_margin": null, "revenue": null, "null": 0.8895, "year": 2020, "GBP": null, "equity": null, "EBIT": null, "profit_rate": null, "TAUX": 0.8895}, "2015": {"net_profit": -514328008.8129992, "operating_margin": -38.288976698239296, "revenue": 947893142.385018, "null": 0.7262, "year": 2015, "GBP": 688360000, "equity": -605223079.0415864, "EBIT": -362938584.41200775, "profit_rate": 84.98155913476961, "TAUX": 0.7262}}, "facilities": 250, "active_in": ["United Kingdom"], "ressources": ["https://www.nhsforsale.info/longterm-care/four-seasons-care-home-operator-collapses-into-administration/", "https://www.gmb.org.uk/network/public-services-section/social-care-noticeboards/four-seasons-noticeboard", "https://chpi.org.uk/papers/reports/plugging-the-leaks-in-the-uk-care-home-industry/", "https://en.wikipedia.org/wiki/Four_Seasons_Health_Care"], "type": "Nursing Home", "id": "four_seasons", "total_beds": 13000}, {"website": "https://www.gsdinternational.com", "nom": "Gruppo San Donato", "shareholders": [{"name": "Gruppo San Donato is owned by the Rotelli Family.", "shares": null}], "country": "Italy", "employees": 17000, "translations": {"shareholders_es": "Gruppo San Donato es la propriedad de la familia Rotelli.", "shareholders_fr": "Gruppo San Donato est la propri\u00e9t\u00e9 de la famille Rotelli.", "shareholders_en": "Gruppo San Donato is owned by the Rotelli Family."}, "evolution": {"2016": {"net_profit": null, "operating_margin": null, "revenue": null, "null": null, "year": 2016, "equity": null, "EBIT": null, "profit_rate": null}, "2017": {"net_profit": null, "operating_margin": null, "revenue": null, "null": null, "year": 2017, "equity": null, "EBIT": null, "profit_rate": null}, "2018": {"net_profit": null, "operating_margin": null, "revenue": 1650000000, "null": null, "year": 2018, "equity": null, "EBIT": null, "profit_rate": null}, "2019": {"net_profit": null, "operating_margin": null, "revenue": 1700000000, "null": null, "year": 2019, "equity": null, "EBIT": null, "profit_rate": null}, "2020": {"net_profit": null, "operating_margin": null, "revenue": null, "null": null, "year": 2020, "equity": null, "EBIT": null, "profit_rate": null}, "2015": {"net_profit": null, "operating_margin": null, "revenue": null, "null": null, "year": 2015, "equity": null, "EBIT": null, "profit_rate": null}}, "facilities": 44, "active_in": ["Italy"], "ressources": [""], "type": "Hospital", "id": "san_donato", "total_beds": 5000}, {"website": "https://www.victors-group.com/", "nom": "Victor's Group", "shareholders": [{"name": "Victor\u2019s Group is owned by Hartmut Ostermann, German entrepreneur and former politician.", "shares": null}], "country": "Germany", "employees": 12500, "translations": {"shareholders_es": "Victor's Group es propriedad de Hartmut Ostermann, emprendedor y ex-politico aleman.", "shareholders_fr": "Victor's Group est d\u00e9tenu par Hartmut Ostermann, entrepreneur et ancien politicien allemand.", "shareholders_en": "Victor\u2019s Group is owned by Hartmut Ostermann, German entrepreneur and former politician."}, "evolution": {"2016": {"net_profit": null, "operating_margin": null, "revenue": 600000000, "null": null, "year": 2016, "equity": null, "EBIT": null, "profit_rate": null}, "2017": {"net_profit": null, "operating_margin": null, "revenue": null, "null": null, "year": 2017, "equity": null, "EBIT": null, "profit_rate": null}, "2018": {"net_profit": null, "operating_margin": null, "revenue": null, "null": null, "year": 2018, "equity": null, "EBIT": null, "profit_rate": null}, "2019": {"net_profit": null, "operating_margin": null, "revenue": null, "null": null, "year": 2019, "equity": null, "EBIT": null, "profit_rate": null}, "2020": {"net_profit": null, "operating_margin": null, "revenue": null, "null": null, "year": 2020, "equity": null, "EBIT": null, "profit_rate": null}, "2015": {"net_profit": null, "operating_margin": null, "revenue": null, "null": null, "year": 2015, "equity": null, "EBIT": null, "profit_rate": null}}, "facilities": 120, "active_in": ["Germany (Pro-Seniore)", "Portugal"], "ressources": [""], "type": "Nursing Home", "id": "victors", "total_beds": 14800}, {"website": "https://www.vivalto-sante.com/", "nom": "Vivalto Sant\u00e9", "shareholders": [{"name": "Vivalto Sant\u00e9 is owned by investments funds FEF Capital, Grand Sud-Ouest Capital SA, Mubadala Investment Company, Mutuelle Assurances Corps Sant\u00e9 Fran\u00e7ais and BNP Paribas Development Management.", "shares": null}], "country": "France", "employees": 9200, "translations": {"shareholders_es": "Vivalto Sant\u00e9 es propiedad de los fondos de inversi\u00f3n FEF Capital, Grand Sud-Ouest Capital SA, Mubadala Investment Company, Mutuelle Assurances Corps Sant\u00e9 Fran\u00e7ais y BNP Paribas Development Management.", "shareholders_fr": "Vivalto Sant\u00e9 est d\u00e9tenue par les fonds d'investissement FEF Capital, Grand Sud-Ouest SA, Mubadala Investment Company, Mutuelle Assurances Corps Sant\u00e9 Fran\u00e7ais et BNP Paribas Development Management.", "shareholders_en": "Vivalto Sant\u00e9 is owned by investments funds FEF Capital, Grand Sud-Ouest Capital SA, Mubadala Investment Company, Mutuelle Assurances Corps Sant\u00e9 Fran\u00e7ais and BNP Paribas Development Management."}, "evolution": {"2016": {"net_profit": -7700000, "operating_margin": 2.8128286014721344, "revenue": 380400000, "null": null, "year": 2016, "equity": 249700000, "EBIT": 10700000, "profit_rate": -3.0837004405286343}, "2017": {"net_profit": -2600000, "operating_margin": 2.3029229406554474, "revenue": 451600000, "null": null, "year": 2017, "equity": 246800000, "EBIT": 10400000, "profit_rate": -1.053484602917342}, "2018": {"net_profit": -8100000, "operating_margin": 3.346534653465347, "revenue": 505000000, "null": null, "year": 2018, "equity": 238200000, "EBIT": 16900000, "profit_rate": -3.400503778337532}, "2019": {"net_profit": -6800000, "operating_margin": 4.663126452041155, "revenue": 602600000, "null": null, "year": 2019, "equity": 231000000, "EBIT": 28100000, "profit_rate": -2.943722943722944}, "2020": {"net_profit": null, "operating_margin": null, "revenue": null, "null": null, "year": 2020, "equity": null, "EBIT": null, "profit_rate": null}, "2015": {"net_profit": null, "operating_margin": null, "revenue": null, "null": null, "year": 2015, "equity": null, "EBIT": null, "profit_rate": null}}, "facilities": 41, "active_in": ["France"], "ressources": [""], "type": "Hospital", "id": "vivalto", "total_beds": ""}, {"website": "https://www.kursana.de/", "nom": "Kursana", "shareholders": [{"name": "Kursana is a subsidiary of the Dussmann Group that generated 2,1 billion \u20ac in revenue in 2020.", "shares": null}], "country": "Germany", "employees": 7000, "translations": {"shareholders_es": "Kursana es una filial del Grupo Dussmann que genero 2,1 mil millones de \u20ac en 2020.", "shareholders_fr": "Kursana est une filiale du Groupe Dussmann qui a g\u00e9n\u00e9r\u00e9 2,1 milliards d'\u20ac en 2020.", "shareholders_en": "Kursana is a subsidiary of the Dussmann Group that generated 2,1 billion \u20ac in revenue in 2020."}, "evolution": {"2016": {"net_profit": null, "operating_margin": null, "revenue": null, "null": null, "year": 2016, "profit_margin": null, "equity": null, "EBIT": null}, "2017": {"net_profit": null, "operating_margin": null, "revenue": null, "null": null, "year": 2017, "profit_margin": null, "equity": null, "EBIT": null}, "2018": {"net_profit": null, "operating_margin": null, "revenue": 428000000, "null": null, "year": 2018, "profit_margin": null, "equity": null, "EBIT": null}, "2019": {"net_profit": null, "operating_margin": null, "revenue": 443000000, "null": null, "year": 2019, "profit_margin": null, "equity": null, "EBIT": null}, "2020": {"net_profit": null, "operating_margin": null, "revenue": null, "null": null, "year": 2020, "profit_margin": null, "equity": null, "EBIT": null}, "2015": {"net_profit": null, "operating_margin": null, "revenue": null, "null": null, "year": 2015, "profit_margin": null, "equity": null, "EBIT": null}}, "facilities": 116, "active_in": ["Germany", "Austria", "Switzerland", "Italy", "Estonia"], "ressources": ["https://gesundheit-soziales.verdi.de/gemeinsamesache/++co++60af064c-28d8-11eb-8d8a-001a4a160100"], "type": "Nursing Home", "id": "kursana", "total_beds": 9500}, {"website": "https://www.nuffieldhealth.com/", "nom": "Nuffield Health", "shareholders": [{"name": "Nuffield is the largest charity in UK so it have not shareholders. As private provider, Nuffield charges patients for the offered services. Its business practices are very similar to commercial entities.", "shares": null}], "country": "United Kingdom", "employees": 15000, "translations": {"shareholders_es": "Nuffield es la mas grande organizacion benefica del Reino Unido, asi que no tiene accionistas. Como proveedor privado, Nuffield hace pagar por sus servicios. Su modelo economico es muy similar al de las entidades comerciales.", "shareholders_fr": "Nuffield est la plus grande \u0153uvre de bienfaisance du Royaume-Uni, elle n'a donc pas d'actionnaires. En tant que fournisseur priv\u00e9, Nuffield fait payer pour ses services. Son mod\u00e8le \u00e9conomique est tr\u00e8s similaire \u00e0 celui des entit\u00e9s commerciales.", "shareholders_en": "Nuffield is the largest charity in UK so it have not shareholders. As private provider, Nuffield charges patients for the offered services. Its business practices are very similar to commercial entities."}, "evolution": {"2016": {"net_profit": 3172279.1605661297, "operating_margin": 2.3466349017272186, "revenue": 1024280136.6520253, "null": 0.8196, "year": 2016, "GBP": 839500000, "equity": null, "EBIT": 24036115.178135674, "profit_rate": null, "TAUX": 0.8196}, "2017": {"net_profit": -27141065.11574866, "operating_margin": -0.6379936200637993, "revenue": 1036720264.5683658, "null": 0.8769, "year": 2017, "GBP": 909100000, "equity": null, "EBIT": -6614209.145854715, "profit_rate": null, "TAUX": 0.8769}, "2018": {"net_profit": -8476491.862567812, "operating_margin": 1.06787904419539, "revenue": 1068942133.8155515, "null": 0.8848, "year": 2018, "GBP": 945800000, "equity": null, "EBIT": 11415009.04159132, "profit_rate": null, "TAUX": 0.8848}, "2019": {"net_profit": -17095965.352176886, "operating_margin": 0.21152296535052376, "revenue": 1131524960.1094143, "null": 0.8774, "year": 2019, "GBP": 992800000, "equity": null, "EBIT": 2393435.1493047643, "profit_rate": null, "TAUX": 0.8774}, "2020": {"net_profit": null, "operating_margin": null, "revenue": null, "null": 0.8895, "year": 2020, "GBP": null, "equity": null, "EBIT": null, "profit_rate": null, "TAUX": 0.8895}, "2015": {"net_profit": -5370421.371522997, "operating_margin": 1.6286644951140066, "revenue": 1056871385.2933077, "null": 0.7262, "year": 2015, "GBP": 767500000, "equity": null, "EBIT": 17212889.011291657, "profit_rate": null, "TAUX": 0.7262}}, "facilities": 31, "active_in": ["United Kingdom"], "ressources": ["https://www.nhsforsale.info/private-providers/nuffield-health/"], "type": "Hospital", "id": "nuffield", "total_beds": 1100}, {"website": "https://www.colisee-group.com/en", "nom": "Colis\u00e9e", "shareholders": [{"name": "Colis\u00e9e is majority owed by investment fund IK Investment Partners.", "shares": null}], "country": "France", "employees": 18500, "translations": {"shareholders_es": "Colis\u00e9e es detenida mayoritariamente por el fondo de inversion IK Investment Partners.", "shareholders_fr": "Colis\u00e9e est majoritairement d\u00e9tenue par le fonds d'investissement IK Investment Partners.", "shareholders_en": "Colis\u00e9e is majority owed by investment fund IK Investment Partners."}, "evolution": {"2016": {"net_profit": null, "operating_margin": null, "revenue": null, "null": null, "year": 2016, "equity": null, "EBIT": null, "profit_rate": null}, "2017": {"net_profit": null, "operating_margin": null, "revenue": null, "null": null, "year": 2017, "equity": null, "EBIT": null, "profit_rate": null}, "2018": {"net_profit": null, "operating_margin": null, "revenue": null, "null": null, "year": 2018, "equity": null, "EBIT": null, "profit_rate": null}, "2019": {"net_profit": null, "operating_margin": null, "revenue": 1000000000, "null": null, "year": 2019, "equity": null, "EBIT": null, "profit_rate": null}, "2020": {"net_profit": null, "operating_margin": null, "revenue": null, "null": null, "year": 2020, "equity": null, "EBIT": null, "profit_rate": null}, "2015": {"net_profit": null, "operating_margin": null, "revenue": 215000000, "null": null, "year": 2015, "equity": null, "EBIT": null, "profit_rate": null}}, "facilities": 275, "active_in": ["France", "Belgium (Armonea)", "Spain", "Italy (iSenior)"], "ressources": [""], "type": "Nursing Home", "id": "colisee", "total_beds": 25000}, {"website": "https://www.sana.de/", "nom": "Sana Kliniken", "shareholders": [{"name": "Others", "shares": 16.200000000000017}, {"name": "HALLESCHE", "shares": 3.1}, {"name": "Barmenia", "shares": 3.8}, {"name": "Continentale", "shares": 10.2}, {"name": "Debeka", "shares": 10.5}, {"name": "Allianz Private", "shares": 14.4}, {"name": "Signal Iduna", "shares": 19.4}, {"name": "DKV", "shares": 22.4}], "country": "Germany", "employees": 33100, "evolution": {"2016": {"net_profit": 90100000, "operating_margin": 5.677564262540554, "revenue": 2404200000, "null": null, "year": 2016, "equity": 704992000, "EBIT": 136500000, "profit_rate": 12.780286868503474}, "2017": {"net_profit": 95361000, "operating_margin": 5.453548938816762, "revenue": 2572600000, "null": null, "year": 2017, "equity": 767200000, "EBIT": 140298000, "profit_rate": 12.429744525547445}, "2018": {"net_profit": 99642000, "operating_margin": 5.4259608626493545, "revenue": 2703300000, "null": null, "year": 2018, "equity": 933012000, "EBIT": 146680000, "profit_rate": 10.679605407004411}, "2019": {"net_profit": 66685000, "operating_margin": 3.702553966101981, "revenue": 2841228000, "null": null, "year": 2019, "equity": 945099000, "EBIT": 105198000, "profit_rate": 7.055874569754068}, "2020": {"net_profit": null, "operating_margin": null, "revenue": null, "null": null, "year": 2020, "equity": null, "EBIT": null, "profit_rate": null}, "2015": {"net_profit": 71300000, "operating_margin": 5.119483315392896, "revenue": 2322500000, "null": null, "year": 2015, "equity": null, "EBIT": 118900000, "profit_rate": null}}, "facilities": 53, "active_in": ["Germany"], "ressources": ["https://gesundheit-soziales.verdi.de/tarifbereiche/sana  "], "type": "Hospital", "id": "sana", "total_beds": 11300}, {"website": "https://www.orpea-group.com/", "nom": "Orpea", "shareholders": [{"name": "Others", "shares": 65.33000000000001}, {"name": "DNCA Finance SA", "shares": 1.18}, {"name": "BlackRock", "shares": 1.33}, {"name": "Ostrum Asset Management", "shares": 1.33}, {"name": "Mirova SA Investment Management", "shares": 1.36}, {"name": "Threadneedle Asset Management Ltd", "shares": 1.59}, {"name": "The Vanguard Group Inc", "shares": 1.91}, {"name": "Norges Bank Investment Management", "shares": 2.07}, {"name": "Congest SA", "shares": 4.35}, {"name": "FFP SA", "shares": 5.05}, {"name": "Canada Pension Plan Investment Board ", "shares": 14.5}], "country": "France", "employees": 65000, "evolution": {"2016": {"net_profit": 256000000, "operating_margin": 13.058782118972193, "revenue": 2841000000, "null": null, "year": 2016, "equity": 2076000000, "EBIT": 371000000, "profit_rate": 12.33140655105973}, "2017": {"net_profit": 90000000, "operating_margin": 13.161249203314213, "revenue": 3138000000, "null": null, "year": 2017, "equity": 2715000000, "EBIT": 413000000, "profit_rate": 3.314917127071823}, "2018": {"net_profit": 220000000, "operating_margin": 13.04093567251462, "revenue": 3420000000, "null": null, "year": 2018, "equity": 2969000000, "EBIT": 446000000, "profit_rate": 7.409902324014819}, "2019": {"net_profit": 234000000, "operating_margin": 14.464467140794609, "revenue": 3740200000, "null": null, "year": 2019, "equity": 3014000000, "EBIT": 541000000, "profit_rate": 7.76376907763769}, "2020": {"net_profit": 160000000, "operating_margin": 11.907190209077001, "revenue": 3922000000, "null": null, "year": 2020, "equity": 3495000000, "EBIT": 467000000, "profit_rate": 4.57796852646638}, "2015": {"net_profit": 127000000, "operating_margin": 12.918060200668895, "revenue": 2392000000, "null": null, "year": 2015, "equity": 1810000000, "EBIT": 309000000, "profit_rate": 7.016574585635358}}, "facilities": 1100, "active_in": ["France", "Belgique", "Netherlands (Dagelijks Leven)", "Germany (Orpea&Celenus)", "Italy (Casa Mia)", "Portugal", "Austria (SeneCura)", "Poland", "Ireland (FirstCare)", "Spain", "Czech Republic (SeneCura)", "Slovenia (SeneCura)", "Croatia (SeneCura)", "Switzerland (Senevita)", "Latvia", "Russia (Clinea)"], "ressources": ["https://www.corpwatch.org/company/orpea-groupe", "https://www.epsu.org/search?search_api_fulltext=orpea", "https://www.mirador-multinationales.be/secteurs/pharmaceutique-sante/article/orpea", "https://multinationales.org/spip.php?page=recherche&recherche=orpea"], "type": "Nursing Home", "id": "orpea", "total_beds": 110000}, {"website": "https://www.spirehealthcare.com/", "nom": "Spire Healthcare", "shareholders": [{"name": "Spire Healthcare and Hirslanden are part of the same group, Mediclinic International", "shares": null}, {"name": "Others", "shares": 23.440000000000012}, {"name": "Capital Group", "shares": 2.75}, {"name": "St. James's Place", "shares": 2.82}, {"name": "Aberforth Partners", "shares": 3.89}, {"name": "Invesco Asset Management Ltd.", "shares": 4.82}, {"name": "Schroder Investment Management Ltd.", "shares": 4.83}, {"name": "Highclere International Investors LLP", "shares": 4.97}, {"name": "M&G Investment Management Ltd.", "shares": 8.72}, {"name": "FIL Investments", "shares": 13.86}, {"name": "Mediclinic International plc", "shares": 29.9}], "country": "United Kingdom", "employees": 14200, "translations": {"shareholders_es": "Spire Healthcare e Hirslanden hacen parte del mismo grupo, Mediclinic International. Ramsay Healthcare esta tratando de comprar Spire.", "shareholders_fr": "Spire Healthcare et Hirslanden font partie du m\u00eame groupe, Mediclinic International. Ramsay Healthcare essaie d'acheter Spire.", "shareholders_en": "Spire Healthcare and Hirslanden are part of the same group, Mediclinic International. Ramsay Healthcare is trying to buy Spire."}, "evolution": {"2016": {"net_profit": 65397755.002440214, "operating_margin": 10.038860103626943, "revenue": 1130307467.057101, "null": 0.8196, "year": 2016, "GBP": 926400000, "equity": 1263177159.590044, "EBIT": 113469985.35871157, "profit_rate": 5.17724331111755, "TAUX": 0.8196}, "2017": {"net_profit": 19158398.905234348, "operating_margin": 4.604486422668241, "revenue": 1062492872.6194549, "null": 0.8769, "year": 2017, "GBP": 931700000, "equity": 1183601322.841829, "EBIT": 48922340.06158057, "profit_rate": 1.618653049426727, "TAUX": 0.8769}, "2018": {"net_profit": 12771247.739602169, "operating_margin": 3.0716356997100203, "revenue": 1052328209.7649186, "null": 0.8848, "year": 2018, "GBP": 931100000, "equity": 1161392405.063291, "EBIT": 32323688.969258588, "profit_rate": 1.099649669131958, "TAUX": 0.8848}, "2019": {"net_profit": 8206063.3690449055, "operating_margin": 9.62479608482871, "revenue": 1117848187.8276727, "null": 0.8774, "year": 2019, "GBP": 980800000, "equity": 1071233188.9674038, "EBIT": 107590608.61636654, "profit_rate": 0.7660389403127992, "TAUX": 0.8774}, "2020": {"net_profit": -262956717.25688592, "operating_margin": -15.893031851288184, "revenue": 1034176503.6537381, "null": 0.8895, "year": 2020, "GBP": 919900000, "equity": 794378864.5306352, "EBIT": -164362001.1242271, "profit_rate": -33.1021794508916, "TAUX": 0.8895}, "2015": {"net_profit": 82621867.25419995, "operating_margin": 10.793399638336346, "revenue": 1218397135.7752686, "null": 0.7262, "year": 2015, "GBP": 884800000, "equity": 1373726246.2131646, "EBIT": 131506472.04626825, "profit_rate": 6.014434643143544, "TAUX": 0.7262}}, "facilities": 47, "active_in": ["United Kingdom"], "ressources": ["https://www.nhsforsale.info/private-providers/spire-healthcare/"], "type": "Hospital", "id": "spire", "total_beds": 12000}, {"website": "https://www.bmihealthcare.co.uk/", "nom": "BMI Healthcare", "shareholders": [{"name": "BMI Healthcare is owned by the investment fund Circle Health.", "shares": null}], "country": "United Kingdom", "employees": 8000, "translations": {"shareholders_es": "BMI Healthcare es propriedad del fondo de inversion Circle Health.", "shareholders_fr": "BMI Healthcare est propri\u00e9t\u00e9 du fonds d'investissement Circle Health.", "shareholders_en": "BMI Healthcare is owned by the investment fund Circle Health."}, "evolution": {"2016": {"net_profit": 239141.04441190825, "operating_margin": 1.2209342672744794, "revenue": 1072473157.6378721, "null": 0.8196, "year": 2016, "GBP": 878999000, "equity": 1562951439.726696, "EBIT": 13094192.288921425, "profit_rate": 0.015300606169422987, "TAUX": 0.8196}, "2017": {"net_profit": -111066256.12954727, "operating_margin": 2.7398480405255334, "revenue": 1011457406.7738625, "null": 0.8769, "year": 2017, "GBP": 886947000, "equity": 1349728589.3488424, "EBIT": 27712395.94024404, "profit_rate": -8.22878443903523, "TAUX": 0.8769}, "2018": {"net_profit": -64292495.479204334, "operating_margin": -9.122058935505978, "revenue": 1484290235.0813742, "null": 0.8848, "year": 2018, "GBP": 1313300000, "equity": 1273387206.148282, "EBIT": -135397830.01808318, "profit_rate": -5.0489352467797355, "TAUX": 0.8848}, "2019": {"net_profit": 16327786.642352406, "operating_margin": -8.103692408234396, "revenue": 1046387052.6555734, "null": 0.8774, "year": 2019, "GBP": 918100000, "equity": 145315705.49350354, "EBIT": -84795988.14679736, "profit_rate": 11.23607843137255, "TAUX": 0.8774}, "2020": {"net_profit": -60563237.77403036, "operating_margin": 7.1884815723450295, "revenue": 971027543.5638, "null": 0.8895, "year": 2020, "GBP": 863729000, "equity": 82811691.96177629, "EBIT": 69802136.03147836, "profit_rate": -73.13367996633225, "TAUX": 0.8895}, "2015": {"net_profit": -18997521.343982376, "operating_margin": -1.44014319450359, "revenue": 1209372073.8088682, "null": 0.7262, "year": 2015, "GBP": 878246000, "equity": 1477942715.5053706, "EBIT": -17416689.61718535, "profit_rate": -1.2854030907068226, "TAUX": 0.7262}}, "facilities": 52, "active_in": ["United Kingdom"], "ressources": ["https://www.nhsforsale.info/private-providers/general-healthcare-group-bmi-healthcare-new/", "https://corporatewatch.org/an-unhealthy-business-major-healthcare-companies-use-tax-havens-to-avoid-millions-in-uk-tax/"], "type": "Hospital", "id": "bmi", "total_beds": 1714}, {"website": "https://www.kosgroup.com", "nom": "KOS", "shareholders": [{"name": "Others", "shares": 0.09999999999999432}, {"name": "F2i Healthcare SpA", "shares": 40.47}, {"name": "CIR SpA", "shares": 59.43}], "country": "Italy", "employees": 10000, "evolution": {"2016": {"net_profit": 24583000, "operating_margin": 10.551451610804339, "revenue": 461074000, "null": null, "year": 2016, "equity": 270511000, "EBIT": 48650000, "profit_rate": 9.087615660730988}, "2017": {"net_profit": 30692000, "operating_margin": 10.960149543683837, "revenue": 490559000, "null": null, "year": 2017, "equity": 287006000, "EBIT": 53766000, "profit_rate": 10.6938530901793}, "2018": {"net_profit": 36316000, "operating_margin": 12.162179521293679, "revenue": 544927000, "null": null, "year": 2018, "equity": 291421000, "EBIT": 66275000, "profit_rate": 12.46169630877665}, "2019": {"net_profit": 31355000, "operating_margin": 11.38015911019263, "revenue": 595185000, "null": null, "year": 2019, "equity": 285893000, "EBIT": 67733000, "profit_rate": 10.96738989761904}, "2020": {"net_profit": 47810000, "operating_margin": 2.436923564105609, "revenue": 631575000, "null": null, "year": 2020, "equity": 336216000, "EBIT": 15391000, "profit_rate": 14.220025221881173}, "2015": {"net_profit": null, "operating_margin": null, "revenue": null, "null": null, "year": 2015, "equity": null, "EBIT": null, "profit_rate": null}}, "facilities": 140, "active_in": ["Italy", "Germany"], "ressources": ["https://www.operatoresociosanitario.net/notizie-oss/oss-di-kos-care-in-piazza-per-protestare-contro-i-contratti-pirata", "https://ilbolive.unipd.it/it/news/indagine-sulle-rsa-business-che-fa-perdere-vista"], "type": "Nursing Home", "id": "kos", "total_beds": 12800}, {"website": "https://www.elsan.care/en", "nom": "Elsan", "shareholders": [{"name": "Elsan is owned by investment funds in particular CVC Capital Partners, Tethys Invest (Bettencourt-Meyers Family), Ardian, KKR&Co, and by ELSAN founders and managers.", "shares": null}], "country": "France", "employees": 28000, "translations": {"shareholders_es": "Elsan es propriedad de fondos de inversion, como CVC Capital Partners, Tethys Invest (familia Bettencourt-Meyers), Ardian y KKR&Co, asi como por sus fundadores y gerentes.", "shareholders_fr": "Elsan est d\u00e9tenu par des fonds d'investissements, dont CVC Capital Partners, Tethys Invest (famille Bettencourt-Meyers), Ardian, et KKR&Co, ainsi que par les fondateurs et managers d'ELSAN.", "shareholders_en": "Elsan is owned by investment funds in particular CVC Capital Partners, Tethys Invest (Bettencourt-Meyers Family), Ardian, KKR&Co, and by ELSAN founders and managers."}, "evolution": {"2016": {"net_profit": null, "operating_margin": null, "revenue": null, "null": null, "year": 2016, "equity": null, "EBIT": null, "profit_rate": null}, "2017": {"net_profit": null, "operating_margin": null, "revenue": null, "null": null, "year": 2017, "equity": null, "EBIT": null, "profit_rate": null}, "2018": {"net_profit": null, "operating_margin": null, "revenue": 2000000000, "null": null, "year": 2018, "equity": null, "EBIT": null, "profit_rate": null}, "2019": {"net_profit": null, "operating_margin": null, "revenue": 2200000000, "null": null, "year": 2019, "equity": null, "EBIT": null, "profit_rate": null}, "2020": {"net_profit": null, "operating_margin": null, "revenue": null, "null": null, "year": 2020, "equity": null, "EBIT": null, "profit_rate": null}, "2015": {"net_profit": null, "operating_margin": null, "revenue": null, "null": null, "year": 2015, "equity": null, "EBIT": null, "profit_rate": null}}, "facilities": 137, "active_in": ["France"], "ressources": [""], "type": "Hospital", "id": "elsan", "total_beds": ""}, {"website": "https://www.alloheim.de/", "nom": "Alloheim", "shareholders": [{"name": "Alloheim is owned by investment fund Nordic Capital that generated 9 billions \u20ac in revenue in 2020.", "shares": null}], "country": "Germany", "employees": 22000, "translations": {"shareholders_es": "Alloheim es propriedad del fondo de inversion Nordic Capital que genero 9 mil millones de \u20ac en 2020.", "shareholders_fr": "Alloheim est d\u00e9tenue par le fonds d'investissement Nordic Capital qui a g\u00e9n\u00e9r\u00e9 9 milliards d'\u20ac en 2020.", "shareholders_en": "Alloheim is owned by investment fund Nordic Capital that generated 9 billions \u20ac in revenue in 2020."}, "evolution": {"2016": {"net_profit": null, "operating_margin": null, "revenue": 524000000, "null": null, "year": 2016, "equity": null, "EBIT": null, "profit_rate": null}, "2017": {"net_profit": null, "operating_margin": null, "revenue": 653000000, "null": null, "year": 2017, "equity": null, "EBIT": null, "profit_rate": null}, "2018": {"net_profit": null, "operating_margin": null, "revenue": null, "null": null, "year": 2018, "equity": null, "EBIT": null, "profit_rate": null}, "2019": {"net_profit": null, "operating_margin": null, "revenue": null, "null": null, "year": 2019, "equity": null, "EBIT": null, "profit_rate": null}, "2020": {"net_profit": null, "operating_margin": null, "revenue": null, "null": null, "year": 2020, "equity": null, "EBIT": null, "profit_rate": null}, "2015": {"net_profit": null, "operating_margin": null, "revenue": 291000000, "null": null, "year": 2015, "equity": null, "EBIT": null, "profit_rate": null}}, "facilities": 225, "active_in": ["Germany"], "ressources": ["https://gesundheit-soziales.verdi.de/mein-arbeitsplatz/altenpflege/++co++814f0b1a-e667-11e7-a2c3-525400ff2b0e "], "type": "Nursing Home", "id": "alloheim", "total_beds": 22000}, {"website": "https://www.cuf.pt/en", "nom": "CUF-Jos\u00e9 de Mello Sa\u00fade", "shareholders": [{"name": "Funda\u00e7\u00e3o Am\u00e9lia de Mello", "shares": 4.15}, {"name": "Farminveste S.A.", "shares": 30}, {"name": "Jos\u00e9 de Mello Capital", "shares": 65.85}], "country": "Portugal", "employees": 6600, "evolution": {"2016": {"net_profit": 23900000, "operating_margin": 7.078639554251347, "revenue": 586270846, "null": null, "year": 2016, "equity": 77700000, "EBIT": 41500000, "profit_rate": 30.759330759330762}, "2017": {"net_profit": 22800000, "operating_margin": 6.682944898090204, "revenue": 637443532, "null": null, "year": 2017, "equity": 88200000, "EBIT": 42600000, "profit_rate": 25.850340136054424}, "2018": {"net_profit": 15600000, "operating_margin": 4.567413263065437, "revenue": 683100000, "null": null, "year": 2018, "equity": 99000000, "EBIT": 31200000, "profit_rate": 15.757575757575756}, "2019": {"net_profit": 29000000, "operating_margin": 7.640769779044904, "revenue": 701500000, "null": null, "year": 2019, "equity": 125976000, "EBIT": 53600000, "profit_rate": 23.02025782688766}, "2020": {"net_profit": -24197000, "operating_margin": -1.9213754423849798, "revenue": 533472000, "null": null, "year": 2020, "equity": 106799000, "EBIT": -10250000, "profit_rate": -22.65657918145301}, "2015": {"net_profit": 21900000, "operating_margin": 7.533023920028562, "revenue": 560200000, "null": null, "year": 2015, "equity": 77600000, "EBIT": 42200000, "profit_rate": 28.221649484536083}}, "facilities": 19, "active_in": ["Portugal"], "ressources": [""], "type": "Hospital", "id": "cuf", "total_beds": 900}, {"website": "https://www.hcahealthcare.co.uk/", "nom": "HCA Healthcare UK", "shareholders": [{"name": "HCA Healthcare UK is a subsidiary of the US group HCA Healthcare. The accounts and shareholders are those of the US group.", "shares": null}, {"name": "Others", "shares": 66.19}, {"name": "Fidelity Management&Research", "shares": 1.28}, {"name": "Longview Partners LLP", "shares": 1.52}, {"name": "Invesco Advisers", "shares": 1.52}, {"name": "Sanders Capital LLC", "shares": 2.31}, {"name": "Harris Associates LP", "shares": 2.66}, {"name": "SSgA Funds Managament", "shares": 3.19}, {"name": "BlackRock Fund Advisors", "shares": 3.36}, {"name": "Wellington Management Co.", "shares": 5.11}, {"name": "The Vanguard Group", "shares": 5.89}, {"name": "T.Rowe Price Associate", "shares": 6.97}], "country": "United States", "employees": 8000, "translations": {"shareholders_es": "HCA Healthcare UK es la filial del grupo estadounidense HCA Healthcare. Las cuentas y accionistas son los del grupo estadounidense.", "shareholders_fr": "HCA Healthcare UK est la filiale du groupe \u00e9tats-uniens HCA Healthcare. Les comptes et actionnaires sont ceux du groupe \u00e9tats-unien.", "shareholders_en": "HCA Healthcare UK is a subsidiary of the US group HCA Healthcare. The accounts and shareholders are those of the US group."}, "evolution": {"2016": {"net_profit": 3099710982.65896, "operating_margin": 11.593154977102916, "USD": 41490000000, "revenue": 37472904624.27746, "null": 1.1072, "year": 2016, "equity": null, "EBIT": 4344291907.514451, "profit_rate": null, "TAUX": 1.1072}, "2017": {"net_profit": 2427218830.192018, "operating_margin": 10.044939698262025, "USD": 43614000000, "revenue": 38593044863.28643, "null": 1.1301, "year": 2017, "equity": null, "EBIT": 3876648084.240332, "profit_rate": null, "TAUX": 1.1301}, "2018": {"net_profit": 3714140644.833714, "operating_margin": 11.429612014482506, "USD": 46677000000, "revenue": 39499873064.2295, "null": 1.1817, "year": 2018, "equity": null, "EBIT": 4514682237.4545145, "profit_rate": null, "TAUX": 1.1817}, "2019": {"net_profit": 3702876541.0041094, "operating_margin": 10.21505376344086, "USD": 51336000000, "revenue": 45860282294.08612, "null": 1.1194, "year": 2019, "equity": null, "EBIT": 4684652492.406647, "profit_rate": null, "TAUX": 1.1194}, "2020": {"net_profit": 3823426878.159317, "operating_margin": 10.536937496361555, "USD": 51533000000, "revenue": 44912846435.41921, "null": 1.1474, "year": 2020, "equity": null, "EBIT": 4732438556.736971, "profit_rate": null, "TAUX": 1.1474}, "2015": {"net_profit": 2429704397.9812546, "operating_margin": 9.972780886133375, "USD": 39678000000, "revenue": 35758832011.53569, "null": 1.1096, "year": 2015, "equity": null, "EBIT": 3566149963.9509735, "profit_rate": null, "TAUX": 1.1096}}, "facilities": 9, "active_in": ["United Kingdom"], "ressources": ["https://www.nhsforsale.info/private-providers/hca-healthtrust-europe-new/", "https://www.corpwatch.org/article/hospital-corporation-america-allegedly-profited-questionable-cardiac-procedures"], "type": "Hospital", "id": "hca", "total_beds": 900}, {"website": "https://www.hirslanden.ch/en", "nom": "Hirslanden", "shareholders": [{"name": "Hirslanden is part of the International Group Mediclinic (like Spire Healthcare)", "shares": null}, {"name": "Others", "shares": 29.560000000000002}, {"name": "Dimensional Fund Advisors LP", "shares": 1.19}, {"name": "The Vanguard Group Inc", "shares": 1.22}, {"name": "Kassem Alom", "shares": 1.23}, {"name": "Norges Bank Investment Management", "shares": 1.34}, {"name": "APG Asset Management NV", "shares": 1.46}, {"name": "Mpilo 1 Newco Rf Pty Ltd.", "shares": 1.49}, {"name": "Coronation Asset Management (Pty) Ltd.", "shares": 2.82}, {"name": "Genesis Investment Management LLP", "shares": 4.99}, {"name": "Public Investment Corporation (SOC)", "shares": 10.1}, {"name": "Remgro Limited", "shares": 44.6}], "country": "Switzerland", "employees": 10700, "translations": {"shareholders_es": "Hirslanden hace parte del grupo internacional Mediclinic (como Spire Healthcare)", "shareholders_fr": "Hirslanden fait partie du groupe international Mediclinic (comme Spire Healthcare)", "shareholders_en": "Hirslanden is part of the International Group Mediclinic (like Spire Healthcare)"}, "evolution": {"2016": {"net_profit": 147236950.73846436, "operating_margin": 15.196822622850192, "TAUX CHF": 1.0901, "CHF": 1704047000, "revenue": 1563202458.4900467, "null": 1.0901, "year": 2016, "equity": 1693461150.3531785, "EBIT": 237557104.8527658, "profit_rate": 8.694439238110508}, "2017": {"net_profit": -589345559.1513844, "operating_margin": -36.71477180073007, "TAUX CHF": 1.1124, "CHF": 1735435000, "revenue": 1560081805.106077, "null": 1.1124, "year": 2017, "equity": 1131049083.063646, "EBIT": -572780474.6494067, "profit_rate": -52.1060993705983}, "2018": {"net_profit": -126369382.63053077, "operating_margin": -8.850065150921251, "TAUX CHF": 1.1549, "CHF": 1778179000, "revenue": 1539682223.5691402, "null": 1.1549, "year": 2018, "equity": 894404710.3645337, "EBIT": -136262879.9030219, "profit_rate": -14.128881608754748}, "2019": {"net_profit": 59382471.91011236, "operating_margin": 6.357584247706467, "TAUX CHF": 1.1125, "CHF": 1803877000, "revenue": 1621462471.9101124, "null": 1.1125, "year": 2019, "equity": 903861573.0337079, "EBIT": 103085842.69662921, "profit_rate": 6.56986353682477}, "2020": {"net_profit": 15283018.867924528, "operating_margin": 6.541404769954188, "TAUX CHF": 1.0706, "CHF": 1783623000, "revenue": 1666003175.789277, "null": 1.0706, "year": 2020, "equity": 1066062021.2964693, "EBIT": 108980011.20866804, "profit_rate": 1.433595659785197}, "2015": {"net_profit": 130291888.85770419, "operating_margin": 14.645846392762055, "TAUX CHF": 1.0689, "CHF": 1657487000, "revenue": 1550647394.5177286, "null": 1.0689, "year": 2015, "equity": 1541673683.2257462, "EBIT": 227105435.49443355, "profit_rate": 8.451327299372837}}, "facilities": 17, "active_in": ["Switzerland"], "ressources": [""], "type": "Hospital", "id": "hirslanden", "total_beds": 1800}, {"website": "https://en.rhoen-klinikum-ag.com/index.html", "nom": "Rh\u00f6n-Klinikum", "shareholders": [{"name": "Others", "shares": 1.2499999999999858}, {"name": "Ersel Asset Management SGR SpA", "shares": 0.18}, {"name": "TBF Global Asset Management GmbH", "shares": 0.24}, {"name": "BlackRock", "shares": 0.26}, {"name": "William Blair Investment Management LLC", "shares": 0.43}, {"name": "The Vanguard Group", "shares": 0.46}, {"name": "ProfitlichSchmidlin AG", "shares": 0.51}, {"name": "DWS Investments (UK)", "shares": 0.81}, {"name": "West Yorkshire Pension Fund", "shares": 1}, {"name": "Dimensional Fund Advisors LP", "shares": 1.46}, {"name": "AMR Holding GmbH", "shares": 93.4}], "country": "Germany", "employees": 18000, "translations": {"shareholders_es": "Askepios tiene una participacion mayoritaria en Rh\u00f6n Klinikum.", "shareholders_fr": "Asklepios d\u00e9tient les parts majoritaires dans Rh\u00f6n Klinikum.", "shareholders_en": "Asklepios holds a majority stake in Rh\u00f6n Klinikum."}, "evolution": {"2016": {"net_profit": 56430000, "operating_margin": 8.245257147326177, "revenue": 1176349000, "null": null, "year": 2016, "equity": 1090555000, "EBIT": 96993000, "profit_rate": 5.1744295335861095}, "2017": {"net_profit": 35150000, "operating_margin": 3.195255132415197, "revenue": 1211077000, "null": null, "year": 2017, "equity": 1102301000, "EBIT": 38697000, "profit_rate": 3.1887841887107062}, "2018": {"net_profit": 48993000, "operating_margin": 5.267465212327278, "revenue": 1232908000, "null": null, "year": 2018, "equity": 1135319000, "EBIT": 64943000, "profit_rate": 4.3153510158818795}, "2019": {"net_profit": 43277000, "operating_margin": 4.3564757365990285, "revenue": 1303898000, "null": null, "year": 2019, "equity": 1161504000, "EBIT": 56804000, "profit_rate": 3.7259449816789267}, "2020": {"net_profit": 1451000, "operating_margin": 0.7791000905041249, "revenue": 1360159000, "null": null, "year": 2020, "equity": 1165329000, "EBIT": 10597000, "profit_rate": 0.12451419298755972}, "2015": {"net_profit": 85381000, "operating_margin": 8.404523055182825, "revenue": 1108189000, "null": null, "year": 2015, "equity": 1087964000, "EBIT": 93138000, "profit_rate": 7.847778051479644}}, "facilities": 8, "active_in": ["Germany"], "ressources": ["https://gesundheit-soziales.verdi.de/tarifbereiche/rhoen "], "type": "Hospital", "id": "rhoen", "total_beds": 5300}, {"website": "https://www.korian.com/en", "nom": "Korian", "shareholders": [{"name": "Autres", "shares": 48.209999999999994}, {"name": "JPMorgan Asset Management (UK)", "shares": 1.43}, {"name": "The Vanguard Group, Inc.", "shares": 1.59}, {"name": "Dimensional Fund Advisors LP", "shares": 1.82}, {"name": "BNP Paribas Asset Management France SAS", "shares": 1.93}, {"name": "Threadneedle Asset Management Ltd", "shares": 2.11}, {"name": "Norges Bank Investment Management", "shares": 2.17}, {"name": "Sycomore Asset Management SA", "shares": 2.28}, {"name": "The Public Sector Pension Investment Board", "shares": 6.5}, {"name": "Malakoff M\u00e9d\u00e9ric Assurances SA", "shares": 7.66}, {"name": "Predica SA", "shares": 24.3}], "country": "France", "employees": 57000, "evolution": {"2016": {"net_profit": 131300000, "operating_margin": 8.915598111754662, "revenue": 2986900000, "null": null, "year": 2016, "equity": 2023000000, "EBIT": 266300000, "profit_rate": 6.490360850222442}, "2017": {"net_profit": 163324000, "operating_margin": 9.048490837581788, "revenue": 3130942000, "null": null, "year": 2017, "equity": 2462405000, "EBIT": 283303000, "profit_rate": 6.632702581419385}, "2018": {"net_profit": 123133000, "operating_margin": 8.976638279530157, "revenue": 3333787000, "null": null, "year": 2018, "equity": 2556185000, "EBIT": 299262000, "profit_rate": 4.817061362929522}, "2019": {"net_profit": 116224000, "operating_margin": 9.925835335177668, "revenue": 3612502000, "null": null, "year": 2019, "equity": 2558187000, "EBIT": 358571000, "profit_rate": 4.543217520845818}, "2020": {"net_profit": 42104000, "operating_margin": 6.863794069657557, "revenue": 3874009000, "null": null, "year": 2020, "equity": 3156980000, "EBIT": 265904000, "profit_rate": 1.3336796558736514}, "2015": {"net_profit": 58700000, "operating_margin": 8.459659597565231, "revenue": 2579300000, "null": null, "year": 2015, "equity": 1923000000, "EBIT": 218200000, "profit_rate": 3.0525221008840355}}, "facilities": 708, "active_in": ["France", "Germany", "Italy (Sagestas-Aetas)", "Belgium (Senior Living Group)", "Spain (Seniors)", "United Kingdom", "Netherlands (Stepping Stones)"], "ressources": ["https://www.corpwatch.org/company/korian", "https://www.epsu.org/search?search_api_fulltext=korian", "https://www.investigate-europe.eu/en/2021/photo-essay-french-trade-unionists-on-strike-against-korian/"], "type": "Nursing Home", "id": "korian", "total_beds": 73599}, {"website": "https://www.schoen-clinic.com/", "nom": "Sch\u00f6n Klinik", "shareholders": [{"name": "Sch\u00f6n Klinik SE is a property of the Sch\u00f6n Family and since 2016 it has minority participation of the investment fund Carlyle.", "shares": null}], "country": "Germany", "employees": 9400, "translations": {"shareholders_es": "Sch\u00f6n Klinik SE es propriedad de la familia Sch\u00f6n y desde 2016 el fondo de inversion Carlyle detiene una participacion minoritaria.", "shareholders_fr": "Sch\u00f6n Klinik SE est propri\u00e9t\u00e9 de la famille Sch\u00f6n et depuis 2016 le fonds d'investissement Carlyle d\u00e9tient une participation minoritaire.", "shareholders_en": "Sch\u00f6n Klinik SE is a property of the Sch\u00f6n Family and since 2016 it has minority participation of the investment fund Carlyle."}, "evolution": {"2016": {"net_profit": null, "operating_margin": null, "revenue": 800000000, "null": null, "year": 2016, "equity": null, "EBIT": null, "profit_rate": null}, "2017": {"net_profit": null, "operating_margin": null, "revenue": 816000000, "null": null, "year": 2017, "equity": null, "EBIT": null, "profit_rate": null}, "2018": {"net_profit": null, "operating_margin": null, "revenue": 835000000, "null": null, "year": 2018, "equity": null, "EBIT": null, "profit_rate": null}, "2019": {"net_profit": -20248000, "operating_margin": null, "revenue": 865727000, "null": null, "year": 2019, "equity": null, "EBIT": null, "profit_rate": null}, "2020": {"net_profit": 7400000, "operating_margin": null, "revenue": 932003000, "null": null, "year": 2020, "equity": null, "EBIT": null, "profit_rate": null}, "2015": {"net_profit": null, "operating_margin": null, "revenue": 757000000, "null": null, "year": 2015, "equity": null, "EBIT": null, "profit_rate": null}}, "facilities": 17, "active_in": ["Germany", "United Kingdom (Schoen Clinic)"], "ressources": [""], "type": "Hospital", "id": "schoen_klinik", "total_beds": 4200}, {"website": "https://www.attendo.com/en/", "nom": "Attendo", "shareholders": [{"name": "Others", "shares": 43.150000000000006}, {"name": "Norges Bank Investment Management", "shares": 2.35}, {"name": "SEB Investment Management AB", "shares": 2.9}, {"name": "Keskin\u00e4inen Ty\u00f6el\u00e4kevakuutusyhti\u00f6 Elo", "shares": 2.97}, {"name": "Max Mitteregger Kapitalf\u00f6rvaltning AB", "shares": 3.36}, {"name": "Investment AB \u00d6resund", "shares": 3.45}, {"name": "Knut Henrik Borelius", "shares": 3.73}, {"name": "Carve Capital AB", "shares": 3.89}, {"name": "Swedbank Robur Fonder AB", "shares": 5.3}, {"name": "Pertti Tapio Karjalainen", "shares": 10.4}, {"name": "Nordstjernan AB", "shares": 18.5}], "country": "Sweden", "employees": 25000, "evolution": {"2016": {"net_profit": 68537996.87407595, "operating_margin": 8.9034401876466, "change_rate": 9.4692, "revenue": 1080555907.5740294, "null": null, "year": 2016, "equity": 509546741.0129683, "EBIT": 96206648.92493558, "profit_rate": 13.450777202072539, "SEK": 10232000000}, "2017": {"net_profit": 70581152.75629781, "operating_margin": 8.528727402899587, "change_rate": 9.6343, "revenue": 1159814413.0865762, "null": null, "year": 2017, "equity": 557279719.336122, "EBIT": 98917409.67169385, "profit_rate": 12.66530080089402, "SEK": 11174000000}, "2018": {"net_profit": 100634818.47702076, "operating_margin": 5.167559713014259, "change_rate": 10.2549, "revenue": 1073730606.831856, "null": null, "year": 2018, "equity": 605661683.6829224, "EBIT": 55485670.26494652, "profit_rate": 16.61568185477379, "SEK": 11011000000}, "2019": {"net_profit": 7650314.512929976, "operating_margin": 5.579078455790785, "change_rate": 10.5878, "revenue": 1137630102.5708835, "null": null, "year": 2019, "equity": 550728196.6036382, "EBIT": 63469275.95912277, "profit_rate": 1.3891270794031898, "SEK": 12045000000}, "2020": {"net_profit": -86221696.58356065, "operating_margin": -2.281368821292775, "change_rate": 10.4846, "revenue": 1178967247.2006562, "null": null, "year": 2020, "equity": 462487839.3071743, "EBIT": -26896591.190889493, "profit_rate": -18.64301917921221, "SEK": 12361000000}, "2015": {"net_profit": 30574828.150222894, "operating_margin": 8.986828774062818, "change_rate": 9.3541, "revenue": 1055152286.1632866, "null": null, "year": 2015, "equity": 451032167.7125538, "EBIT": 94824729.26310387, "profit_rate": 6.778857549182272, "SEK": 9870000000}}, "facilities": 172, "active_in": ["Sweden", "Denmark", "Finland"], "ressources": ["https://www.corpwatch.org/article/swedish-companies-accused-profiting-refugee-housing"], "type": "Nursing Home", "id": "attendo", "total_beds": 17500}, {"website": "https://www.hc-one.co.uk/", "nom": "HC-One", "shareholders": [{"name": "HC-ONE is owned by investment funds Formation Capital LLC, Safanad and Court Cavendish.", "shares": null}], "country": "United Kingdom", "employees": 22000, "translations": {"shareholders_es": "HC-ONE es propriedad de los fondos de inversion Formation Capital LLC, Safanad y Court Cavendish.", "shareholders_fr": "HC-ONE est d\u00e9tenue par les fonds d'investissement Formation Capital LLC, Safanad et Court Cavendish.", "shareholders_en": "HC-ONE is owned by investment funds Formation Capital LLC, Safanad and Court Cavendish."}, "evolution": {"2016": {"net_profit": -4275256.222547584, "operating_margin": null, "revenue": 363757930.6979014, "null": 0.8196, "year": 2016, "GBP": 298136000, "equity": 37428013.665202536, "EBIT": null, "profit_rate": -11.42261050984483, "TAUX": 0.8196}, "2017": {"net_profit": 4838636.104458889, "operating_margin": null, "revenue": 348553997.0350097, "null": 0.8769, "year": 2017, "GBP": 305647000, "equity": 23570532.55787433, "EBIT": null, "profit_rate": 20.528327446901155, "TAUX": 0.8769}, "2018": {"net_profit": -7310126.582278481, "operating_margin": null, "revenue": 349268761.30198914, "null": 0.8848, "year": 2018, "GBP": 309033000, "equity": 16049954.792043399, "EBIT": null, "profit_rate": -45.54608830364059, "TAUX": 0.8848}, "2019": {"net_profit": 500341.91930704354, "operating_margin": null, "revenue": 366838386.14087075, "null": 0.8774, "year": 2019, "GBP": 321864000, "equity": 16685662.183724642, "EBIT": null, "profit_rate": 2.9986338797814205, "TAUX": 0.8774}, "2020": {"net_profit": 3634626.194491287, "operating_margin": null, "revenue": 381546936.4811692, "null": 0.8895, "year": 2020, "GBP": 339386000, "equity": 20093310.848791458, "EBIT": null, "profit_rate": 18.088737201365184, "TAUX": 0.8895}, "2015": {"net_profit": -42116496.832828425, "operating_margin": null, "revenue": 401382539.24538696, "null": 0.7262, "year": 2015, "GBP": 291484000, "equity": 47066923.7124759, "EBIT": null, "profit_rate": -89.48215330602693, "TAUX": 0.7262}}, "facilities": 328, "active_in": ["United Kingdom"], "ressources": ["https://www.nhsforsale.info/sector/long-term-care-new/", "https://www.gmb.org.uk/network/public-services-section/social-care-noticeboards/hc-one-noticeboard", "https://chpi.org.uk/papers/reports/plugging-the-leaks-in-the-uk-care-home-industry/ "], "type": "Nursing Home", "id": "hc_one", "total_beds": 22200}, {"website": "https://pentahospitals.com/", "nom": "Penta Hospitals International", "shareholders": [{"name": "Penta is an investment fund founded in Slovakia in 1994. It focuses on investments into healthcare, financial services, manufacturing, retail, media and real estate development, but healthcare is it's largest portfolio. It owns Penta Hospitals International which have hospital in Slovakia, Czech Republic and Poland. It has not been possible to find data about operating costs of Penta Hospitals International, so we publish here the general accounts of Penta Investment.", "shares": null}], "country": "Slovak Republic", "employees": 15000, "translations": {"shareholders_es": "Penta es un fondo de inversi\u00f3n fundado en Eslovaquia en 1994. Se centra en inversiones en los sectores de la salud, los servicios financieros, la fabricaci\u00f3n, el comercio minorista, los medios de comunicaci\u00f3n y el desarrollo inmobiliario, pero la salud es su mayor cartera. Es propietaria de Penta Hospitals International, que tiene hospitales en Eslovaquia, Rep\u00fablica Checa y Polonia. No ha sido posible encontrar datos sobre los costes de explotaci\u00f3n de Penta Hospitals International, por lo que publicamos aqu\u00ed las cuentas generales de Penta Investment.", "shareholders_fr": "Penta est un fonds d'investissement fond\u00e9 en Slovaquie en 1994. Il se concentre sur les investissements dans les soins de sant\u00e9, les services financiers, la fabrication, la vente au d\u00e9tail, les m\u00e9dias et le d\u00e9veloppement immobilier, mais les soins de sant\u00e9 constituent son principal portefeuille. Il poss\u00e8de Penta Hospitals International, qui a des h\u00f4pitaux en Slovaquie, en R\u00e9publique tch\u00e8que et en Pologne. Il n'a pas \u00e9t\u00e9 possible de trouver des donn\u00e9es sur les co\u00fbts d'exploitation de Penta Hospitals International, nous publions donc ici les comptes g\u00e9n\u00e9raux de Penta Investment.", "shareholders_en": "Penta is an investment fund founded in Slovakia in 1994. It focuses on investments into healthcare, financial services, manufacturing, retail, media and real estate development, but healthcare is it's largest portfolio. It owns Penta Hospitals International which have hospital in Slovakia, Czech Republic and Poland. It has not been possible to find data about operating costs of Penta Hospitals International, so we publish here the general accounts of Penta Investment."}, "evolution": {"2016": {"net_profit": 250605000, "operating_margin": 61.67430135502065, "revenue": 457779000, "null": null, "year": 2016, "equity": 1488180000, "EBIT": 282332000, "profit_rate": 16.839696810869654}, "2017": {"net_profit": 236169000, "operating_margin": 78.01589958853657, "revenue": 361393000, "null": null, "year": 2017, "equity": 1715474000, "EBIT": 281944000, "profit_rate": 13.766982186847484}, "2018": {"net_profit": 287608000, "operating_margin": 72.41867781379544, "revenue": 460268000, "null": null, "year": 2018, "equity": 1992892000, "EBIT": 333320000, "profit_rate": 14.431690227066996}, "2019": {"net_profit": 265382000, "operating_margin": 84.19149206752932, "revenue": 377436000, "null": null, "year": 2019, "equity": 2316942000, "EBIT": 317769000, "profit_rate": 11.453976836709767}, "2020": {"net_profit": 133992000, "operating_margin": 83.13953223150298, "revenue": 219211000, "null": null, "year": 2020, "equity": 2426571000, "EBIT": 182251000, "profit_rate": 5.521866040598029}, "2015": {"net_profit": 200031000, "operating_margin": 70.90304031167956, "revenue": 320329000, "null": null, "year": 2015, "equity": 1391179000, "EBIT": 227123000, "profit_rate": 14.378523540105192}}, "facilities": 34, "active_in": ["Slovak Republic (ProCare & Svet zdravia)", "Czech Republic", "Poland (EMC)"], "null": "", "ressources": ["http://www.corpwatch.org/company/penta-investments"], "type": "Hospital", "id": "penta", "total_beds": 7450}, {"website": "https://www.ramsaysante.eu/", "nom": "Ramsay Sant\u00e9", "shareholders": [{"name": "Ramsay Sant\u00e9 is a subsidiary of the Australian group Ramsay Health Care.", "shares": null}, {"name": "Others", "shares": 0.23000000000000398}, {"name": "Mason Street Advisors LLC", "shares": 0.21}, {"name": "Numeric Investors LLC", "shares": 0.34}, {"name": "Allianz Global Investors U.S. LLC", "shares": 0.53}, {"name": "Andre Attia", "shares": 6.59}, {"name": "Predica SA", "shares": 39.6}, {"name": "Ramsay Health Care Limited", "shares": 52.5}], "country": "Australia", "employees": 36000, "translations": {"shareholders_es": "Ramsay Sant\u00e9 es una filial del grupo australiano Ramsay Health Care.", "shareholders_fr": "Ramsay Sant\u00e9 est une filiale du groupe australien Ramsay Health Care.", "shareholders_en": "Ramsay Sant\u00e9 is a subsidiary of the Australian group Ramsay Health Care."}, "evolution": {"2016": {"net_profit": 64900000, "operating_margin": 5.930003580379521, "revenue": 2234400000, "null": null, "year": 2016, "equity": 462000000, "EBIT": 132500000, "profit_rate": 14.047619047619047}, "2017": {"net_profit": 15100000, "operating_margin": 5.607851884898506, "revenue": 2241500000, "null": null, "year": 2017, "equity": 470200000, "EBIT": 125700000, "profit_rate": 3.21139940450872}, "2018": {"net_profit": 18100000, "operating_margin": 4.930329400459132, "revenue": 3746200000, "null": null, "year": 2018, "equity": 1012500000, "EBIT": 184700000, "profit_rate": 1.7876543209876545}, "2019": {"net_profit": 15300000, "operating_margin": 4.6132133721443065, "revenue": 3401100000, "null": null, "year": 2019, "equity": 995700000, "EBIT": 156900000, "profit_rate": 1.5366074118710455}, "2020": {"net_profit": null, "operating_margin": null, "revenue": null, "null": null, "year": 2020, "equity": null, "EBIT": null, "profit_rate": null}, "2015": {"net_profit": 42200000, "operating_margin": 6.241860882841618, "revenue": 2226900000, "null": null, "year": 2015, "equity": 401400000, "EBIT": 139000000, "profit_rate": 10.513203786746388}}, "facilities": 154, "active_in": ["France", "Sweden (ex Capio)", "Norway (Volvat)", "Denmark (Capio)", "Italy"], "ressources": ["https://www.nhsforsale.info/private-providers/ramsay-bid-to-become-largest-uk-private-health-supplier/"], "type": "Hospital", "id": "ramsay", "total_beds": ""}, {"website": "https://www.srh.de/de", "nom": "SRH", "shareholders": [{"name": "SRH Kliniken (Charity) was founded in 1955 by the Evangelian Workers Movement of Heidelberg. It is now managed by the SRH Holding, a German private foundation.", "shares": null}], "country": "Germany", "employees": 16000, "translations": {"shareholders_es": "SRH Kliniken (asociacion caritativa) fue fundada en 1955 por el Movimiento Obrero Evang\u00e9lico de Heidelberg. En la actualidad est\u00e1 gestionada por el SRH Holding, una fundaci\u00f3n privada alemana.", "shareholders_fr": "SRH Kliniken (association caritative) a \u00e9t\u00e9 fond\u00e9e en 1955 par le mouvement ouvrier \u00e9vang\u00e9lique de Heidelberg. Elle est aujourd'hui g\u00e9r\u00e9e par la SRH Holding, une fondation priv\u00e9e allemande.", "shareholders_en": "SRH Kliniken (Charity) was founded in 1955 by the Evangelian Workers Movement of Heidelberg. It is now managed by the SRH Holding, a German private foundation."}, "evolution": {"2016": {"net_profit": null, "operating_margin": null, "revenue": null, "null": null, "year": 2016, "equity": null, "EBIT": null, "profit_rate": null}, "2017": {"net_profit": null, "operating_margin": null, "revenue": 968400000, "null": null, "year": 2017, "equity": null, "EBIT": null, "profit_rate": null}, "2018": {"net_profit": 22614000, "operating_margin": null, "revenue": 1035100000, "null": null, "year": 2018, "equity": null, "EBIT": null, "profit_rate": null}, "2019": {"net_profit": 25600000, "operating_margin": 2.3306037973544496, "revenue": 1111300000, "null": null, "year": 2019, "equity": 732600000, "EBIT": 25900000, "profit_rate": 3.4944034944034947}, "2020": {"net_profit": null, "operating_margin": null, "revenue": null, "null": null, "year": 2020, "equity": null, "EBIT": null, "profit_rate": null}, "2015": {"net_profit": null, "operating_margin": null, "revenue": null, "null": null, "year": 2015, "equity": null, "EBIT": null, "profit_rate": null}}, "facilities": 46, "active_in": ["Germany"], "ressources": ["https://gesundheit-soziales.verdi.de/tarifbereiche/srh "], "type": "Hospital", "id": "srh", "total_beds": ""}, {"website": "https://www.maisonsdefamille.com/", "nom": "Maisons de Famille", "shareholders": [{"name": "Maisons de Famille is owned by the founder family (Hugues Harmel) and by the invesment fund Creadev (Mulliez Family, owners of Auchan and D\u00e9cathlon)", "shares": null}], "country": "France", "employees": 6000, "translations": {"shareholders_es": "Maisons de Famille es propriedad de la familia del fundador (Hugues Harmel) y del fondo de inversion Creadev (familia Mulliez, proprietaria de Auchan y D\u00e9cathlon)", "shareholders_fr": "Maisons de Famille est d\u00e9tenue par la famille du fondateur (Hugues Harmel) et par le fonds d'investissement Creadev (famille Mulliez, propori\u00e9taire d'Auchan et D\u00e9cathlon)", "shareholders_en": "Maisons de Famille is owned by the founder family (Hugues Harmel) and by the invesment fund Creadev (Mulliez Family, owners of Auchan and D\u00e9cathlon)"}, "evolution": {"2016": {"net_profit": null, "operating_margin": null, "revenue": null, "null": null, "year": 2016, "equity": 148000000, "EBIT": null, "profit_rate": null}, "2017": {"net_profit": null, "operating_margin": null, "revenue": null, "null": null, "year": 2017, "equity": 186000000, "EBIT": null, "profit_rate": null}, "2018": {"net_profit": null, "operating_margin": null, "revenue": 480000000, "null": null, "year": 2018, "equity": 263000000, "EBIT": null, "profit_rate": null}, "2019": {"net_profit": null, "operating_margin": null, "revenue": 498700000, "null": null, "year": 2019, "equity": 275000000, "EBIT": null, "profit_rate": null}, "2020": {"net_profit": null, "operating_margin": null, "revenue": null, "null": null, "year": 2020, "equity": null, "EBIT": null, "profit_rate": null}, "2015": {"net_profit": null, "operating_margin": null, "revenue": null, "null": null, "year": 2015, "equity": 110000000, "EBIT": null, "profit_rate": null}}, "facilities": 160, "active_in": ["France", "Spain (Amavir)", "Italy (La Villa)", "Germany (Dorea)"], "ressources": [""], "type": "Nursing Home", "id": "maisons_famille", "total_beds": 17000}, {"website": "https://www.fresenius.com/fresenius-helios", "nom": "Helios-Fresenius", "shareholders": [{"name": "Helios is the hospitals subsidiary of the Fresenius Group", "shares": null}, {"name": "Others", "shares": 61.97}, {"name": "BlackRock Fund Advisor", "shares": 1.22}, {"name": "Capital Research&Management", "shares": 1.69}, {"name": "Norges Bank Investment Management", "shares": 1.75}, {"name": "DWS Investment", "shares": 1.84}, {"name": "The Vanguard Group", "shares": 1.85}, {"name": "Alliance Global Investors", "shares": 2.98}, {"name": "Else-Kr\u00f6ner Fresenius Stiftung", "shares": 26.7}], "country": "Germany", "employees": 52000, "translations": {"shareholders_es": "Helios es la filial ospitalaria del grupo Fresenius", "shareholders_fr": "Helios est la filiale hospitali\u00e8re du groupe Fresenius", "shareholders_en": "Helios is the hospitals subsidiary of the Fresenius Group"}, "evolution": {"2016": {"net_profit": 544000000, "operating_margin": 11.689200753037824, "revenue": 5843000000, "null": null, "year": 2016, "equity": null, "EBIT": 683000000, "profit_rate": null}, "2017": {"net_profit": 728000000, "operating_margin": 12.136594370096908, "revenue": 8668000000, "null": null, "year": 2017, "equity": null, "EBIT": 1052000000, "profit_rate": null}, "2018": {"net_profit": 686000000, "operating_margin": 11.697987323473813, "revenue": 8993000000, "null": null, "year": 2018, "equity": null, "EBIT": 1052000000, "profit_rate": null}, "2019": {"net_profit": 664000000, "operating_margin": 11.100281568117826, "revenue": 9234000000, "null": null, "year": 2019, "equity": null, "EBIT": 1025000000, "profit_rate": null}, "2020": {"net_profit": 666000000, "operating_margin": 10.440008148299043, "revenue": 9818000000, "null": null, "year": 2020, "equity": null, "EBIT": 1025000000, "profit_rate": null}, "2015": {"net_profit": 483000000, "operating_margin": 11.473646468268196, "revenue": 5578000000, "null": null, "year": 2015, "equity": null, "EBIT": 640000000, "profit_rate": null}}, "facilities": 112, "active_in": ["Germany", "Spain (Quiron)"], "ressources": ["https://www.corpwatch.org/company/fresenius", "https://www.epsu.org/search?search_api_fulltext=helios", "https://www.epsu.org/search?search_api_fulltext=fresenius", "https://cictar.org/fresenius/", "https://gesundheit-soziales.verdi.de/tarifbereiche/helios "], "type": "Hospital", "id": "helios", "total_beds": 34000}, {"website": "https://www.asklepios.com/en/", "nom": "Asklepios", "shareholders": [{"name": "Asklepios was founded and is owned by Bernard Broermann.", "shares": null}], "country": "Germany", "employees": 46000, "translations": {"shareholders_es": "Asklepios pertenece a su fundador, Bernard Broermann.", "shareholders_fr": "Asklepios appartient \u00e0 son fondateur, Bernard Broermann.", "shareholders_en": "Asklepios was founded and is owned by Bernard Broermann."}, "evolution": {"2016": {"net_profit": 192100000, "operating_margin": 8.218111609367215, "revenue": 3211200000, "null": null, "year": 2016, "equity": 1441681000, "EBIT": 263900000, "profit_rate": 13.324723014314541}, "2017": {"net_profit": 194111000, "operating_margin": 7.869706840390879, "revenue": 3261875000, "null": null, "year": 2017, "equity": 1416580000, "EBIT": 256700000, "profit_rate": 13.702791229581104}, "2018": {"net_profit": 171073000, "operating_margin": 7.165344788275957, "revenue": 3407903000, "null": null, "year": 2018, "equity": 1494543000, "EBIT": 244188000, "profit_rate": 11.446509066651144}, "2019": {"net_profit": 172298000, "operating_margin": 6.806236394990529, "revenue": 3537300000, "null": null, "year": 2019, "equity": 1577253000, "EBIT": 240757000, "profit_rate": 10.923929135021458}, "2020": {"net_profit": -65124000, "operating_margin": 2.9506323754008976, "revenue": 4343069000, "null": null, "year": 2020, "equity": 1592550000, "EBIT": 128148000, "profit_rate": -4.089290760101724}, "2015": {"net_profit": null, "operating_margin": null, "revenue": null, "null": null, "year": 2015, "equity": 1312541000, "EBIT": null, "profit_rate": null}}, "facilities": 150, "active_in": ["Germany"], "ressources": ["https://www.corpwatch.org/company/asklepios-kliniken", "https://gesundheit-soziales.verdi.de/tarifbereiche/asklepios "], "type": "Hospital", "id": "asklepios", "total_beds": 26500}, {"website": "https://www.bupa.co.uk/", "nom": "Bupa Healthcare", "shareholders": [{"name": "Bupa Care and Health Services in UK is owned by Bupa, international group that generated 12 billion \u00a3 in 2020. The Bupa Group has no shareholders as it is a non-profit organization.", "shares": null}], "country": "United Kingdom", "employees": "", "translations": {"shareholders_es": "Bupa Healthcare es propriedad de Bupa, grupo internacional que genero 12 mil millones de \u00a3 en 2020. El grupo Bupa no tiene accionistas porque es una organizacion si animo de lucro.", "shareholders_fr": "Bupa Healthcare est propri\u00e9t\u00e9 de Bupa, groupe international qui a g\u00e9n\u00e9r\u00e9 12 milliards de \u00a3 en 2020. Le groupe Bupa n'a pas d'actionnaire en tant qu'organisation sans but lucratif.", "shareholders_en": "Bupa Healthcare is owned by Bupa, international group that generated 12 billion \u00a3 in 2020. The Bupa Group has no shareholders as it is a non-profit organization."}, "evolution": {"2016": {"net_profit": null, "operating_margin": null, "revenue": 126403123.4748658, "null": 0.8196, "year": 2016, "GBP": 103600000, "equity": null, "EBIT": null, "profit_rate": null}, "2017": {"net_profit": null, "operating_margin": null, "revenue": 118143459.91561182, "null": 0.8769, "year": 2017, "GBP": 103600000, "equity": null, "EBIT": null, "profit_rate": null}, "2018": {"net_profit": null, "operating_margin": null, "revenue": 614828209.7649186, "null": 0.8848, "year": 2018, "GBP": 544000000, "equity": null, "EBIT": null, "profit_rate": null}, "2019": {"net_profit": null, "operating_margin": null, "revenue": 635969911.1009802, "null": 0.8774, "year": 2019, "GBP": 558000000, "equity": null, "EBIT": null, "profit_rate": null}, "2020": {"net_profit": null, "operating_margin": null, "revenue": 592467678.4710512, "null": 0.8895, "year": 2020, "GBP": 527000000, "equity": null, "EBIT": null, "profit_rate": null}, "2015": {"net_profit": null, "operating_margin": null, "revenue": 137978518.31451392, "null": 0.7262, "year": 2015, "GBP": 100200000, "equity": null, "EBIT": null, "profit_rate": null}}, "facilities": 171, "active_in": ["United Kingdom", "Spain (Sanitas)", "Poland (LuxMed)"], "ressources": ["https://www.nhsforsale.info/sector/long-term-care-new/", "https://www.corpwatch.org/article/bupa-aged-care-homes-australia-uk-regularly-rated-inadequate", "https://chpi.org.uk/papers/reports/plugging-the-leaks-in-the-uk-care-home-industry/ "], "type": "Nursing Home", "id": "bupa", "total_beds": 10700}, {"website": "https://www.barchester.com/", "nom": "Barchester Healthcare", "shareholders": [{"name": "Barchester Healthcare is owned in particular by the Irish tycoons John Magnier, JP McManus and Dermot Desmond.", "shares": null}], "country": "United Kingdom", "employees": 17000, "translations": {"shareholders_es": "Barchester Healthcare es propriedad de los magnates irlandeses John Magnier, JP McManus y Dermot Desmond.", "shareholders_fr": "Barchester Healthcare est propri\u00e9t\u00e9 des magnats irlandais John Magnier, JP McManus et Dermot Desmond.", "shareholders_en": "Barchester Healthcare is owned in particular by the Irish tycoons John Magnier, JP McManus and Dermot Desmond."}, "evolution": {"2016": {"net_profit": 2374328.9409468034, "operating_margin": 3.700058694499563, "revenue": 688063689.6046852, "null": null, "year": 2016, "equity": 136627623.23084432, "EBIT": 25458760.37091264, "profit_rate": 1.737810323272013}, "2017": {"net_profit": 2196373.5887786523, "operating_margin": 4.070441094134026, "revenue": 674180636.332535, "null": null, "year": 2017, "equity": 139698939.44577488, "EBIT": 27442125.669973772, "profit_rate": 1.5722192290738113}, "2018": {"net_profit": 11651220.614828208, "operating_margin": 5.654886458018117, "revenue": 702156419.5298373, "null": null, "year": 2018, "equity": 151946202.53164557, "EBIT": 39706148.282097645, "profit_rate": 7.667990657681378}, "2019": {"net_profit": 17986095.281513564, "operating_margin": 6.241303855271821, "revenue": 749508775.9288808, "null": null, "year": 2019, "equity": 168608388.42033282, "EBIT": 46779120.12764987, "profit_rate": 10.667378681465758}, "2020": {"net_profit": null, "operating_margin": null, "revenue": null, "null": null, "year": 2020, "equity": null, "EBIT": null, "profit_rate": null}, "2015": {"net_profit": 1041035.5274029194, "operating_margin": 3.380432103836359, "revenue": 737554392.729276, "null": null, "year": 2015, "equity": 151558799.22886258, "EBIT": 24932525.475075737, "profit_rate": 0.686885573585797}}, "facilities": 200, "active_in": ["United Kingdom"], "ressources": ["https://www.nhsforsale.info/sector/long-term-care-new/", "https://www.gmb.org.uk/network/public-services-section/social-care-noticeboards/barchester-noticeboard", "https://chpi.org.uk/papers/reports/plugging-the-leaks-in-the-uk-care-home-industry/"], "type": "Nursing Home", "id": "barchester", "total_beds": 11000}, {"website": "https://www.domusvigroup.com/en", "nom": "DomusVi", "shareholders": [{"name": "DomusVi is majority owned by investment funds Intermediate Capital Group (ICG) and Sagesse Retraite Sant\u00e9 (owned by founder Yves Journel).", "shares": null}], "country": "France", "employees": 30000, "translations": {"shareholders_es": "DomusVi es detenida mayoritariamente por los fondos de inversion Capital Group (ICG) y Sagesse Retraite Sant\u00e9 (propriedad del fundador Yves Journel).", "shareholders_fr": "DomusVi est d\u00e9tenue majoritairement par les fonds d'investissement Capital Group (ICG) et Sagesse Retraite Sant\u00e9 (d\u00e9tenu par le fondateur Yves Journel).", "shareholders_en": "DomusVi is majority owned by investment funds Intermediate Capital Group (ICG) and Sagesse Retraite Sant\u00e9 (owned by founder Yves Journel)."}, "evolution": {"2016": {"net_profit": null, "operating_margin": null, "revenue": 910000000, "null": null, "year": 2016, "equity": null, "EBIT": null, "profit_rate": null}, "2017": {"net_profit": null, "operating_margin": null, "revenue": 1300000000, "null": null, "year": 2017, "equity": null, "EBIT": null, "profit_rate": null}, "2018": {"net_profit": null, "operating_margin": null, "revenue": 1370000000, "null": null, "year": 2018, "equity": null, "EBIT": null, "profit_rate": null}, "2019": {"net_profit": null, "operating_margin": null, "revenue": null, "null": null, "year": 2019, "equity": null, "EBIT": null, "profit_rate": null}, "2020": {"net_profit": null, "operating_margin": null, "revenue": 1650000000, "null": null, "year": 2020, "equity": null, "EBIT": null, "profit_rate": null}, "2015": {"net_profit": null, "operating_margin": null, "revenue": 780000000, "null": null, "year": 2015, "equity": null, "EBIT": null, "profit_rate": null}}, "facilities": 354, "active_in": ["France", "Spain (Geriatricos", "SARquavitae)", "Germany (Advita)", "Portugal (Carlton Life)", "Ireland (Trinity Care)", "Netherlands (Martha Flora)"], "ressources": ["https://www.investigate-europe.eu/en/2021/how-a-european-care-home-chain-moves-its-profits-offshore/", "https://www.epsu.org/search?search_api_fulltext=&f%5B0%5D=country%3A148&f%5B1%5D=sectors%3A86"], "type": "Nursing Home", "id": "domusvi", "total_beds": 60000}]